{
    "T": 0.0027777778450399637,
    "L": [
        0.5,
        0.5,
        0.5,
        0.5,
        0.5,
        0.5,
        0.5,
        0.5,
        0.5,
        0.5,
        0.5,
        0.5,
        0.5,
        0.5,
        0.5,
        0.5,
        0.5,
        0.5,
        0.5,
        0.5
    ],
    "lambda_": [
        1.0,
        1.0,
        1.0,
        1.0,
        1.0,
        1.0,
        1.0,
        1.0,
        1.0,
        1.0,
        1.0,
        1.0,
        1.0,
        1.0,
        1.0,
        1.0,
        1.0,
        1.0,
        1.0,
        1.0
    ],
    "tau": 0.07753079384565353,
    "nu": 52.305076599121094,
    "kappa": 49.47443771362305,
    "delta": 0.039108045399188995,
    "alpha": [
        1.756531000137329,
        1.7562731504440308,
        1.755732774734497,
        1.7549148797988892,
        1.7538851499557495,
        1.752685308456421,
        1.751376986503601,
        1.750077486038208,
        1.7491203546524048,
        1.7486236095428467,
        1.7485558986663818,
        1.7486950159072876,
        1.748831033706665,
        1.7489478588104248,
        1.7491191625595093,
        1.749291181564331,
        1.749415397644043,
        1.7494781017303467,
        1.7495074272155762,
        1.749542236328125
    ],
    "critical_density": [
        31.476547241210938,
        31.31415367126465,
        31.12220573425293,
        30.927860260009766,
        30.777795791625977,
        31.022310256958008,
        32.628658294677734,
        33.412010192871094,
        33.624786376953125,
        33.24129867553711,
        32.979557037353516,
        32.72891616821289,
        32.64226150512695,
        32.54183578491211,
        32.657630920410156,
        32.815284729003906,
        32.990150451660156,
        33.122798919677734,
        33.135536193847656,
        33.13468933105469
    ],
    "free_flow_speed": [
        124.01327514648438,
        114.92266845703125,
        120.05653381347656,
        124.35076141357422,
        124.41986846923828,
        119.46050262451172,
        107.13023376464844,
        132.1409454345703,
        133.79660034179688,
        132.64549255371094,
        122.12599182128906,
        112.47955322265625,
        107.11211395263672,
        130.25347900390625,
        117.64644622802734,
        125.28593444824219,
        114.13050842285156,
        114.47701263427734,
        131.63153076171875,
        116.26163482666016
    ],
    "learned_variance_rho": 0.010303456336259842,
    "learned_variance_v": 0.010610964149236679
}