{
    "T": 0.0027777778450399637,
    "L": [
        0.5,
        0.5,
        0.5,
        0.5,
        0.5,
        0.5,
        0.5,
        0.5,
        0.5,
        0.5,
        0.5,
        0.5,
        0.5,
        0.5,
        0.5,
        0.5,
        0.5,
        0.5,
        0.5,
        0.5
    ],
    "lambda_": [
        1.0,
        1.0,
        1.0,
        1.0,
        1.0,
        1.0,
        1.0,
        1.0,
        1.0,
        1.0,
        1.0,
        1.0,
        1.0,
        1.0,
        1.0,
        1.0,
        1.0,
        1.0,
        1.0,
        1.0
    ],
    "tau": 0.020399605855345726,
    "nu": 27.369504928588867,
    "kappa": 119.67570495605469,
    "delta": 1.4443971849686932e-06,
    "alpha": [
        2.2474524974823,
        2.2465453147888184,
        2.244640827178955,
        2.241584062576294,
        2.2373812198638916,
        2.2318174839019775,
        2.224902868270874,
        2.2169525623321533,
        2.2084596157073975,
        2.199850082397461,
        2.1913323402404785,
        2.1829586029052734,
        2.1749789714813232,
        2.166071891784668,
        2.1605193614959717,
        2.153959274291992,
        2.1493165493011475,
        2.1460835933685303,
        2.1442039012908936,
        2.1434948444366455
    ],
    "critical_density": [
        73.32850646972656,
        73.48571014404297,
        73.66756439208984,
        74.03934478759766,
        74.45184326171875,
        75.17166900634766,
        77.37266540527344,
        79.57847595214844,
        81.58946990966797,
        82.91505432128906,
        83.4460220336914,
        83.97368621826172,
        84.2129898071289,
        84.32657623291016,
        84.46871185302734,
        84.6275405883789,
        84.77474212646484,
        84.78871154785156,
        84.75697326660156,
        84.74182891845703
    ],
    "free_flow_speed": [
        117.44789123535156,
        116.91840362548828,
        115.98892211914062,
        114.44368743896484,
        112.45907592773438,
        110.32368469238281,
        108.632080078125,
        117.0483169555664,
        118.418212890625,
        118.77391815185547,
        115.87760925292969,
        113.05039978027344,
        110.54076385498047,
        117.517578125,
        119.9660873413086,
        120.72106170654297,
        121.62722778320312,
        123.59078979492188,
        126.33433532714844,
        126.91209411621094
    ],
    "learned_variance_rho": 0.010597968474030495,
    "learned_variance_v": 0.01054591964930296
}