{
    "T": 0.0027777778450399637,
    "L": [
        0.5,
        0.5,
        0.5,
        0.5,
        0.5,
        0.5,
        0.5,
        0.5,
        0.5,
        0.5,
        0.5,
        0.5,
        0.5,
        0.5,
        0.5,
        0.5,
        0.5,
        0.5,
        0.5,
        0.5
    ],
    "lambda_": [
        1.0,
        1.0,
        1.0,
        1.0,
        1.0,
        1.0,
        1.0,
        1.0,
        1.0,
        1.0,
        1.0,
        1.0,
        1.0,
        1.0,
        1.0,
        1.0,
        1.0,
        1.0,
        1.0,
        1.0
    ],
    "tau": 0.07542313635349274,
    "nu": 51.48777770996094,
    "kappa": 57.642913818359375,
    "delta": 0.000984866521321237,
    "alpha": [
        1.7919880151748657,
        1.791555404663086,
        1.7907030582427979,
        1.7895112037658691,
        1.7879855632781982,
        1.7861027717590332,
        1.7839412689208984,
        1.7816392183303833,
        1.7793388366699219,
        1.7772468328475952,
        1.7753937244415283,
        1.7737700939178467,
        1.7723959684371948,
        1.7711520195007324,
        1.7700904607772827,
        1.7692234516143799,
        1.7685803174972534,
        1.768125295639038,
        1.7678159475326538,
        1.7677124738693237
    ],
    "critical_density": [
        31.485050201416016,
        31.516263961791992,
        31.552183151245117,
        31.632265090942383,
        31.720577239990234,
        31.86109161376953,
        32.13388442993164,
        32.39896011352539,
        32.62370681762695,
        32.739532470703125,
        32.7633171081543,
        32.78846740722656,
        32.787357330322266,
        32.78557586669922,
        32.805458068847656,
        32.83230209350586,
        32.85961151123047,
        32.86802291870117,
        32.865596771240234,
        32.86488723754883
    ],
    "free_flow_speed": [
        120.04832458496094,
        118.29403686523438,
        118.8321762084961,
        119.06351470947266,
        118.1836166381836,
        115.97051239013672,
        112.84075927734375,
        125.41568756103516,
        126.6219482421875,
        126.36370086669922,
        121.52228546142578,
        116.85530853271484,
        113.5057601928711,
        124.19091796875,
        121.27427673339844,
        121.43071746826172,
        118.7086410522461,
        119.58897399902344,
        125.93866729736328,
        121.22049713134766
    ],
    "learned_variance_rho": 0.010303937830030918,
    "learned_variance_v": 0.010216651484370232
}