{
    "T": 0.0027777778450399637,
    "L": [
        0.5,
        0.5,
        0.5,
        0.5,
        0.5,
        0.5,
        0.5,
        0.5,
        0.5,
        0.5,
        0.5,
        0.5,
        0.5,
        0.5,
        0.5,
        0.5,
        0.5,
        0.5,
        0.5,
        0.5
    ],
    "lambda_": [
        1.0,
        1.0,
        1.0,
        1.0,
        1.0,
        1.0,
        1.0,
        1.0,
        1.0,
        1.0,
        1.0,
        1.0,
        1.0,
        1.0,
        1.0,
        1.0,
        1.0,
        1.0,
        1.0,
        1.0
    ],
    "tau": 0.10213048756122589,
    "nu": 71.1484603881836,
    "kappa": 47.99394607543945,
    "delta": 0.03483365476131439,
    "alpha": [
        2.1066977977752686,
        2.1066391468048096,
        2.106560230255127,
        2.1064045429229736,
        2.1062512397766113,
        2.1060473918914795,
        2.105881690979004,
        2.1056911945343018,
        2.1055920124053955,
        2.1054790019989014,
        2.105443000793457,
        2.1053740978240967,
        2.1053972244262695,
        2.1053848266601562,
        2.105436086654663,
        2.1054208278656006,
        2.1054601669311523,
        2.1054365634918213,
        2.105458974838257,
        2.105424404144287
    ],
    "critical_density": [
        28.118816375732422,
        28.118228912353516,
        28.11724090576172,
        28.11562728881836,
        28.113758087158203,
        28.111867904663086,
        28.109973907470703,
        28.108943939208984,
        28.108566284179688,
        28.10960578918457,
        28.11082649230957,
        28.11318588256836,
        28.116065979003906,
        28.120243072509766,
        28.1241455078125,
        28.12798500061035,
        28.130428314208984,
        28.132232666015625,
        28.132606506347656,
        28.1326961517334
    ],
    "free_flow_speed": [
        117.73448181152344,
        117.72631072998047,
        117.71073150634766,
        117.68739318847656,
        117.66014099121094,
        117.63009643554688,
        117.59989166259766,
        117.57290649414062,
        117.55120849609375,
        117.53538513183594,
        117.52308654785156,
        117.5151138305664,
        117.51234436035156,
        117.51329803466797,
        117.51615905761719,
        117.5179443359375,
        117.52075958251953,
        117.52033233642578,
        117.52116394042969,
        117.51870727539062
    ],
    "learned_variance_rho": 0.009995660744607449,
    "learned_variance_v": 0.009944071061909199
}