{
    "T": 0.0027777778450399637,
    "L": [
        0.5,
        0.5,
        0.5,
        0.5,
        0.5,
        0.5,
        0.5,
        0.5,
        0.5,
        0.5,
        0.5,
        0.5,
        0.5,
        0.5,
        0.5,
        0.5,
        0.5,
        0.5,
        0.5,
        0.5
    ],
    "lambda_": [
        1.0,
        1.0,
        1.0,
        1.0,
        1.0,
        1.0,
        1.0,
        1.0,
        1.0,
        1.0,
        1.0,
        1.0,
        1.0,
        1.0,
        1.0,
        1.0,
        1.0,
        1.0,
        1.0,
        1.0
    ],
    "tau": 0.017390945926308632,
    "nu": 43.745086669921875,
    "kappa": 25.29336929321289,
    "delta": 0.07341506332159042,
    "alpha": [
        1.898244857788086,
        1.8982585668563843,
        1.8982765674591064,
        1.8982726335525513,
        1.8982478380203247,
        1.8982372283935547,
        1.898212194442749,
        1.8981876373291016,
        1.8981832265853882,
        1.8982188701629639,
        1.8982504606246948,
        1.898238182067871,
        1.8982402086257935,
        1.8981940746307373,
        1.8981572389602661,
        1.8981585502624512,
        1.8981438875198364,
        1.8981339931488037,
        1.8980560302734375,
        1.8979727029800415
    ],
    "critical_density": [
        82.85907745361328,
        82.8579330444336,
        82.85972595214844,
        82.85843658447266,
        82.85906982421875,
        82.85831451416016,
        82.85795593261719,
        82.85794067382812,
        82.85760498046875,
        82.85942840576172,
        82.85960388183594,
        82.86044311523438,
        82.85983276367188,
        82.85984802246094,
        82.85836029052734,
        82.85945129394531,
        82.85835266113281,
        82.85903930664062,
        82.85643005371094,
        82.85529327392578
    ],
    "free_flow_speed": [
        118.49234008789062,
        118.49767303466797,
        118.50823974609375,
        118.50382995605469,
        118.49121856689453,
        118.48159790039062,
        118.46519470214844,
        118.44507598876953,
        118.43374633789062,
        118.43793487548828,
        118.44351196289062,
        118.43017578125,
        118.42491912841797,
        118.39704895019531,
        118.3760986328125,
        118.36900329589844,
        118.36125946044922,
        118.35308074951172,
        118.31974792480469,
        118.28401184082031
    ],
    "learned_variance_rho": 0.010028703138232231,
    "learned_variance_v": 0.009960385970771313
}