{
    "T": 0.0027777778450399637,
    "L": [
        0.5,
        0.5,
        0.5,
        0.5,
        0.5,
        0.5,
        0.5,
        0.5,
        0.5,
        0.5,
        0.5,
        0.5,
        0.5,
        0.5,
        0.5,
        0.5,
        0.5,
        0.5,
        0.5,
        0.5
    ],
    "lambda_": [
        1.0,
        1.0,
        1.0,
        1.0,
        1.0,
        1.0,
        1.0,
        1.0,
        1.0,
        1.0,
        1.0,
        1.0,
        1.0,
        1.0,
        1.0,
        1.0,
        1.0,
        1.0,
        1.0,
        1.0
    ],
    "tau": 0.019067984074354172,
    "nu": 81.55732727050781,
    "kappa": 60.838645935058594,
    "delta": 0.011706428602337837,
    "alpha": [
        1.6783647537231445,
        1.674906849861145,
        1.686945915222168,
        1.6993849277496338,
        1.7167725563049316,
        1.7406365871429443,
        1.7446435689926147,
        1.7509195804595947,
        1.7665846347808838,
        1.780833125114441,
        1.8047925233840942,
        1.7959821224212646,
        1.8345212936401367,
        1.845001220703125,
        1.8661516904830933,
        1.8821516036987305,
        1.8821399211883545,
        1.8942393064498901,
        1.9013456106185913,
        1.8907839059829712
    ],
    "critical_density": [
        63.6708869934082,
        62.45296859741211,
        61.42400360107422,
        60.0723991394043,
        58.85261154174805,
        58.664405822753906,
        72.65253448486328,
        82.03813171386719,
        88.29693603515625,
        88.51205444335938,
        87.1470718383789,
        84.83845520019531,
        84.17686462402344,
        83.78083801269531,
        85.553466796875,
        87.29521179199219,
        88.52339935302734,
        89.45267486572266,
        89.90497589111328,
        89.77680206298828
    ],
    "free_flow_speed": [
        125.21466064453125,
        124.07373046875,
        126.92022705078125,
        124.91726684570312,
        123.75836181640625,
        125.59325408935547,
        123.24617004394531,
        119.23421478271484,
        118.05084991455078,
        117.20010375976562,
        121.87354278564453,
        115.37194061279297,
        122.93978881835938,
        117.15302276611328,
        117.43367004394531,
        118.09344482421875,
        117.25182342529297,
        120.3547134399414,
        118.98157501220703,
        111.49177551269531
    ],
    "learned_variance_rho": 0.2006060928106308,
    "learned_variance_v": 0.19900894165039062
}