{
    "T": 0.0027777778450399637,
    "L": [
        0.5,
        0.5,
        0.5,
        0.5,
        0.5,
        0.5,
        0.5,
        0.5,
        0.5,
        0.5,
        0.5,
        0.5,
        0.5,
        0.5,
        0.5,
        0.5,
        0.5,
        0.5,
        0.5,
        0.5
    ],
    "lambda_": [
        1.0,
        1.0,
        1.0,
        1.0,
        1.0,
        1.0,
        1.0,
        1.0,
        1.0,
        1.0,
        1.0,
        1.0,
        1.0,
        1.0,
        1.0,
        1.0,
        1.0,
        1.0,
        1.0,
        1.0
    ],
    "tau": [
        0.09931117296218872,
        0.09650243073701859,
        0.0875813439488411,
        0.07648714631795883,
        0.0807156041264534,
        0.08009504526853561,
        0.07704678922891617,
        0.07848808914422989,
        0.08339256793260574,
        0.0844726637005806,
        0.07808665931224823,
        0.0726528912782669,
        0.0742274671792984,
        0.08062613755464554,
        0.08594886213541031,
        0.08844046294689178,
        0.08408388495445251,
        0.06904207915067673,
        0.07000702619552612,
        0.07741393148899078
    ],
    "nu": [
        47.92327880859375,
        46.802555084228516,
        46.59621047973633,
        50.17707824707031,
        49.39994812011719,
        49.890602111816406,
        49.66595458984375,
        47.91391372680664,
        49.31317901611328,
        49.07925033569336,
        51.668975830078125,
        46.643211364746094,
        50.00661849975586,
        47.50404739379883,
        52.75220489501953,
        52.5563850402832,
        51.987091064453125,
        47.916439056396484,
        52.30649948120117,
        49.83298110961914
    ],
    "kappa": [
        40.849327087402344,
        40.741641998291016,
        38.01814270019531,
        38.223628997802734,
        38.39859390258789,
        37.291542053222656,
        37.227508544921875,
        38.058956146240234,
        38.87287139892578,
        37.377708435058594,
        42.30353927612305,
        41.403594970703125,
        41.80668258666992,
        39.99138641357422,
        38.678428649902344,
        38.46608352661133,
        41.49919509887695,
        37.70523452758789,
        38.81228256225586,
        40.41244125366211
    ],
    "delta": [
        0.012557558715343475,
        0.01184986811131239,
        0.010705718770623207,
        0.012948312796652317,
        0.020600441843271255,
        0.011101585812866688,
        0.008387780748307705,
        0.00803338922560215,
        0.0075334785506129265,
        0.006058513652533293,
        0.00896404217928648,
        0.010687009431421757,
        0.011835453100502491,
        0.01174048613756895,
        0.01215385738760233,
        0.010592116974294186,
        0.010957375168800354,
        0.011813855729997158,
        0.012087272480130196,
        0.012504668906331062
    ],
    "alpha": [
        1.8432297706604004,
        1.8487586975097656,
        1.860829472541809,
        1.8719881772994995,
        1.8827307224273682,
        1.8919941186904907,
        1.8945889472961426,
        1.8911774158477783,
        1.8807018995285034,
        1.8679007291793823,
        1.8540822267532349,
        1.8414356708526611,
        1.8315378427505493,
        1.8274214267730713,
        1.8249839544296265,
        1.8214235305786133,
        1.8159043788909912,
        1.8100533485412598,
        1.8076521158218384,
        1.8065499067306519
    ],
    "critical_density": [
        33.145652770996094,
        33.24673080444336,
        33.96402359008789,
        33.740116119384766,
        33.42531204223633,
        33.07776641845703,
        32.775875091552734,
        32.628257751464844,
        34.1106071472168,
        31.47706413269043,
        33.359474182128906,
        32.99298858642578,
        31.580411911010742,
        29.930438995361328,
        30.133485794067383,
        30.710668563842773,
        32.1812629699707,
        33.89152145385742,
        33.943180084228516,
        33.99329376220703
    ],
    "free_flow_speed": [
        125.9674072265625,
        125.77996063232422,
        113.48532104492188,
        113.38228607177734,
        111.70441436767578,
        113.13733673095703,
        114.56755065917969,
        111.63219451904297,
        117.21806335449219,
        118.47215270996094,
        117.17542266845703,
        117.47605895996094,
        128.58404541015625,
        123.10201263427734,
        122.78305053710938,
        117.92899322509766,
        113.17072296142578,
        123.02304077148438,
        116.97021484375,
        113.43254089355469
    ],
    "learned_variance_rho": 0.2968083620071411,
    "learned_variance_v": 7.205602169036865
}