{
    "T": 0.002777777777777778,
    "L": [
        0.5,
        0.5,
        0.5,
        0.5,
        0.5,
        0.5,
        0.5,
        0.5,
        0.5,
        0.5,
        0.5,
        0.5,
        0.5,
        0.5,
        0.5,
        0.5,
        0.5,
        0.5,
        0.5,
        0.5
    ],
    "lambda_": [
        1.0,
        1.0,
        1.0,
        1.0,
        1.0,
        1.0,
        1.0,
        1.0,
        1.0,
        1.0,
        1.0,
        1.0,
        1.0,
        1.0,
        1.0,
        1.0,
        1.0,
        1.0,
        1.0,
        1.0
    ],
    "beta": 54.1550037399209,
    "mu": 2453.316215913918,
    "kappa": 44.23606538602277,
    "gamma": 0.5838584273388506,
    "alpha": [
        2.0073967566339146,
        1.6477269671324533,
        1.7192519620882614,
        2.5647343067053203,
        2.0260634780910074,
        1.8336189269086203,
        2.566334927004104,
        2.8212683907394545,
        0.914280119970091,
        1.3268504029922386,
        2.2282149638820457,
        0.8285946132192357,
        2.3664667980828815,
        2.8316995602819017,
        2.438046507140888,
        2.8388909093869827,
        0.8163713009531711,
        2.517884980392593,
        2.8388627770299544,
        1.5513584715325202
    ],
    "critical_density": [
        116.1877811947482,
        119.82131199890279,
        88.02518950194866,
        55.76585312458263,
        98.6929579498941,
        100.07822683978532,
        33.55636856134838,
        40.45024360958122,
        33.794131594125055,
        38.381508771305306,
        96.04344072018216,
        100.45781413083661,
        124.05213008369459,
        48.13321082825858,
        107.09442543693791,
        79.49534259165043,
        123.27870238487125,
        123.40951708489021,
        83.3722068931919,
        110.00154702965924
    ],
    "free_flow_speed": [
        134.10583328435052,
        107.15210672961035,
        48.50950795425261,
        74.52305082493208,
        99.87534807603159,
        148.76647953946048,
        102.46276847547576,
        54.38767587276877,
        123.62356540678543,
        54.26175081454997,
        75.53200546687626,
        176.56421024830124,
        174.09605027511014,
        82.7555369805724,
        185.08918365433595,
        103.65167014356929,
        138.45818584284166,
        183.7044435583875,
        86.96964698603199,
        61.649463551541984
    ],
    "learned_variance_rho": 1.0,
    "learned_variance_v": 21.953615701438558
}