{
    "T": 0.002777777777777778,
    "L": [
        0.5,
        0.5,
        0.5,
        0.5,
        0.5,
        0.5,
        0.5,
        0.5,
        0.5,
        0.5,
        0.5,
        0.5,
        0.5,
        0.5,
        0.5,
        0.5,
        0.5,
        0.5,
        0.5,
        0.5
    ],
    "lambda_": [
        1.0,
        1.0,
        1.0,
        1.0,
        1.0,
        1.0,
        1.0,
        1.0,
        1.0,
        1.0,
        1.0,
        1.0,
        1.0,
        1.0,
        1.0,
        1.0,
        1.0,
        1.0,
        1.0,
        1.0
    ],
    "beta": 9.836291524999098,
    "mu": 468.97507784861403,
    "kappa": 44.85637966927557,
    "gamma": 0.17140748203236955,
    "alpha": [
        2.673205947939509,
        2.823102724217247,
        2.376360607197706,
        1.7437753438805685,
        1.702822601615533,
        2.6906501713590067,
        1.3495538823554691,
        2.249210787951483,
        2.7109267651252114,
        2.7663022661735193,
        1.510920095267271,
        1.3297358858052652,
        2.5485740137229893,
        1.99102191625515,
        1.1916132517597133,
        1.4845839376001062,
        0.8329334430595854,
        1.658850560814157,
        2.204577576517,
        2.33670375063477
    ],
    "critical_density": [
        30.859078487483945,
        27.46061399691962,
        15.965920039317243,
        33.64452805936478,
        22.534538994421244,
        37.74822336727764,
        18.218721375906263,
        37.814221031420814,
        25.81588584092486,
        18.44264312960197,
        29.43464429650698,
        51.05947293582062,
        23.5817410302141,
        19.77097352468173,
        25.824406665762112,
        40.8810061924848,
        29.81380493717131,
        33.93976530126579,
        35.550376521564104,
        31.694557181539764
    ],
    "free_flow_speed": [
        138.6817725229357,
        166.71691769647626,
        69.9869420550015,
        125.99724996764667,
        101.11484032210268,
        139.6857193171453,
        184.80537745290525,
        138.68859244859678,
        73.28356533998846,
        81.31016130446108,
        103.11853402915581,
        199.97368807031006,
        84.07934548219981,
        106.38374976042417,
        145.90591402611733,
        111.35784526233219,
        102.55899817954143,
        162.91984513641873,
        160.0734566070544,
        158.55824403827933
    ],
    "learned_variance_rho": 0.20309998017166198,
    "learned_variance_v": 0.25379163406273053
}